nombre,pais,estado,ciudad,imagen,genero,id
Dr. Delia Hauck,Afghanistan,Pennsylvania,Maximillianmouth,https://cloudflare-ipfs.com/ipfs/Qmd3W5DuhgHirLHGVixi6V76LhCkZUz6pnFt5AJBiyvHye/avatar/677.jpg,F2M,1
Ian Terry,Reunion,Alaska,Koreytown,https://cloudflare-ipfs.com/ipfs/Qmd3W5DuhgHirLHGVixi6V76LhCkZUz6pnFt5AJBiyvHye/avatar/1224.jpg,Male to female trans woman,2
Jessie Greenfelder,Cayman Islands,California,Gleasontown,https://cloudflare-ipfs.com/ipfs/Qmd3W5DuhgHirLHGVixi6V76LhCkZUz6pnFt5AJBiyvHye/avatar/515.jpg,Cisgender woman,3
Toby Zboncak,Russian Federation,Arkansas,Richmond,https://cloudflare-ipfs.com/ipfs/Qmd3W5DuhgHirLHGVixi6V76LhCkZUz6pnFt5AJBiyvHye/avatar/613.jpg,Gender variant,4
Jennie Runolfsson,Kyrgyz Republic,Montana,Kalihaven,https://cloudflare-ipfs.com/ipfs/Qmd3W5DuhgHirLHGVixi6V76LhCkZUz6pnFt5AJBiyvHye/avatar/1009.jpg,Transexual female,5
Eula Price,Aruba,North Dakota,Krystinahaven,https://cloudflare-ipfs.com/ipfs/Qmd3W5DuhgHirLHGVixi6V76LhCkZUz6pnFt5AJBiyvHye/avatar/326.jpg,Neither,6
Leona Okuneva,Slovenia,West Virginia,Lake Pietro,https://cloudflare-ipfs.com/ipfs/Qmd3W5DuhgHirLHGVixi6V76LhCkZUz6pnFt5AJBiyvHye/avatar/213.jpg,Cisgender male,7
Casey Koelpin,Reunion,Wyoming,Lake Cleohaven,https://cloudflare-ipfs.com/ipfs/Qmd3W5DuhgHirLHGVixi6V76LhCkZUz6pnFt5AJBiyvHye/avatar/594.jpg,Transexual man,8
Luther Williamson,Bolivia,Oklahoma,Douglasburgh,https://cloudflare-ipfs.com/ipfs/Qmd3W5DuhgHirLHGVixi6V76LhCkZUz6pnFt5AJBiyvHye/avatar/657.jpg,Neutrois,9
Judy Mayert,Uruguay,Kansas,Marianland,https://cloudflare-ipfs.com/ipfs/Qmd3W5DuhgHirLHGVixi6V76LhCkZUz6pnFt5AJBiyvHye/avatar/1105.jpg,Neither,10
Annie Wehner,Angola,Colorado,Fort Keontown,https://cloudflare-ipfs.com/ipfs/Qmd3W5DuhgHirLHGVixi6V76LhCkZUz6pnFt5AJBiyvHye/avatar/1204.jpg,Cisgender male,11
Ana Lockman,Chad,Maine,Palatine,https://cloudflare-ipfs.com/ipfs/Qmd3W5DuhgHirLHGVixi6V76LhCkZUz6pnFt5AJBiyvHye/avatar/182.jpg,Cis woman,12
Shawna Kulas,Guinea-Bissau,North Dakota,Cronaton,https://cloudflare-ipfs.com/ipfs/Qmd3W5DuhgHirLHGVixi6V76LhCkZUz6pnFt5AJBiyvHye/avatar/1231.jpg,Gender variant,13
Martin VonRueden,Monaco,Rhode Island,West Nikkoworth,https://cloudflare-ipfs.com/ipfs/Qmd3W5DuhgHirLHGVixi6V76LhCkZUz6pnFt5AJBiyvHye/avatar/867.jpg,Trans male,14
Ms. Teresa Langosh,Kenya,Wisconsin,East Isabella,https://cloudflare-ipfs.com/ipfs/Qmd3W5DuhgHirLHGVixi6V76LhCkZUz6pnFt5AJBiyvHye/avatar/1151.jpg,Demi-man,15
Ross Reilly,China,Arkansas,New Violetfurt,https://cloudflare-ipfs.com/ipfs/Qmd3W5DuhgHirLHGVixi6V76LhCkZUz6pnFt5AJBiyvHye/avatar/1098.jpg,Female to male trans man,16
Brent Murazik,Cote d'Ivoire,Illinois,West Annabelleville,https://cloudflare-ipfs.com/ipfs/Qmd3W5DuhgHirLHGVixi6V76LhCkZUz6pnFt5AJBiyvHye/avatar/409.jpg,Agender,17
Max Schaefer,Uganda,Arkansas,Haagville,https://cloudflare-ipfs.com/ipfs/Qmd3W5DuhgHirLHGVixi6V76LhCkZUz6pnFt5AJBiyvHye/avatar/1033.jpg,Cis,18
Dr. Sylvester Emmerich,Timor-Leste,Maryland,Colton,https://cloudflare-ipfs.com/ipfs/Qmd3W5DuhgHirLHGVixi6V76LhCkZUz6pnFt5AJBiyvHye/avatar/512.jpg,Xenogender,19
Natalie Schneider,Jordan,Utah,Richmondstead,https://cloudflare-ipfs.com/ipfs/Qmd3W5DuhgHirLHGVixi6V76LhCkZUz6pnFt5AJBiyvHye/avatar/1246.jpg,Female to male,20
Sophie Schmeler,Gambia,Rhode Island,Fort Jerald,https://cloudflare-ipfs.com/ipfs/Qmd3W5DuhgHirLHGVixi6V76LhCkZUz6pnFt5AJBiyvHye/avatar/301.jpg,Demi-man,21
Erin Rutherford,Malta,Colorado,East Elsechester,https://cloudflare-ipfs.com/ipfs/Qmd3W5DuhgHirLHGVixi6V76LhCkZUz6pnFt5AJBiyvHye/avatar/740.jpg,Trans man,22
Edmond Krajcik,Burundi,Kentucky,Lake Reyesmouth,https://cloudflare-ipfs.com/ipfs/Qmd3W5DuhgHirLHGVixi6V76LhCkZUz6pnFt5AJBiyvHye/avatar/720.jpg,Genderqueer,23
Kelly Bechtelar,Nepal,Virginia,Farmington,https://cloudflare-ipfs.com/ipfs/Qmd3W5DuhgHirLHGVixi6V76LhCkZUz6pnFt5AJBiyvHye/avatar/1054.jpg,Transexual female,24
Miss Delia Robel Sr.,Morocco,Virginia,Labadieburgh,https://cloudflare-ipfs.com/ipfs/Qmd3W5DuhgHirLHGVixi6V76LhCkZUz6pnFt5AJBiyvHye/avatar/785.jpg,Trans,25
